<Ui xmlns="http://www.blizzard.com/wow/ui/" xmlns:xsi="http://www.w3.org/2001/XMLSchema-instance" xsi:schemaLocation="http://www.blizzard.com/wow/ui/
..\FrameXML\UI.xsd">

<Script file="Libs\LibStub-1.0\LibStub.lua"/>
<Include file="Libs\CallbackHandler-1.0\CallbackHandler-1.0.xml"/>
<Include file="Libs\Ace3\AceAddon-3.0\AceAddon-3.0.xml"/>
<Include file="Libs\Ace3\AceDB-3.0\AceDB-3.0.xml"/>
<Include file="Libs\Ace3\AceConsole-3.0\AceConsole-3.0.xml"/>
<Include file="Libs\Ace3\AceEvent-3.0\AceEvent-3.0.xml"/>
<Include file="Libs\Ace3\AceLocale-3.0\AceLocale-3.0.xml"/>
<Include file="Libs\LibSharedMedia-3.0\lib.xml"/>
<Script file="Libs\LibDataBroker-1.1\LibDataBroker-1.1.lua"/>
<Script file="Libs\LibDBIcon-1.0\LibDBIcon-1.0.lua"/>
<Script file="Libs\LibBossIDs-1.0\LibBossIDs-1.0.lua"/>
</Ui>
