<Ui xmlns="http://www.blizzard.com/wow/ui/">
	<Button name="CombuctorPortraitButtonTemplate" virtual="true">
		<Size x="64" y="64"/>
		<Anchors>
			<Anchor point="TOPLEFT">
				<Offset x="-8" y="8"/>
			</Anchor>
		</Anchors>

		<Scripts>
			<OnLoad>
				self:RegisterForClicks("anyUp")
				self.portrait = self:GetParent().portrait
				self.portrait:ClearAllPoints()
				self.portrait:SetPoint("CENTER", self)
			</OnLoad>
			<OnEvent>
				if (self:IsShown() and arg1 == "player") then
					SetPortraitTexture(self.portrait, arg1)
				end
			</OnEvent>
			<OnShow>
				SetPortraitTexture(self.portrait, "player")
				self:RegisterEvent("UNIT_PORTRAIT_UPDATE")
			</OnShow>
			<OnHide>
				self:UnregisterEvent("UNIT_PORTRAIT_UPDATE")
			</OnHide>
			<OnMouseDown>
				self.portrait:SetSize(56, 56)
				self.portrait:SetTexCoord(0.075, 0.925, 0.075, 0.925)
			</OnMouseDown>
			<OnMouseUp>
				self.portrait:SetSize(62, 62)
				self.portrait:SetTexCoord(0, 1, 0, 1)
			</OnMouseUp>
			<OnClick>
				Combuctor:ToggleOwnerDropdown(self, self:GetParent(), 15, 10)
			</OnClick>
			<OnEnter>
				if Combuctor:MultipleOwnersFound() then
					GameTooltip:SetOwner(self, 'ANCHOR_RIGHT')
					GameTooltip:SetText(self:GetParent():GetOwner(), 1, 1, 1)
					GameTooltip:AddLine(LibStub('AceLocale-3.0'):GetLocale('Combuctor').TipChangePlayer)
					GameTooltip:Show()
				end
			</OnEnter>
			<OnLeave>
				GameTooltip:Hide()
			</OnLeave>
		</Scripts>

		<HighlightTexture alphaMode="ADD" file="Interface\Minimap\UI-Minimap-ZoomButton-Highlight">
			<Size x="78" y="78"/>
			<Anchors>
				<Anchor point="CENTER"/>
			</Anchors>
		</HighlightTexture>
	</Button>

	<EditBox name="CombuctorSearchBoxTemplate" autoFocus="false" inherits="SearchBoxTemplate" virtual="true">
		<Size x="0" y="20"/>

		<Anchors>
			<Anchor point="TOPLEFT">
				<Offset x="70" y="-32"/>
			</Anchor>
			<Anchor point="TOPRIGHT">
				<Offset x="-80" y="-32"/>
			</Anchor>
		</Anchors>

		<Scripts>
			<OnEnterPressed>
				self:ClearFocus()
			</OnEnterPressed>
			<OnTextChanged>
				local text = self:GetText()

				if not self:HasFocus() then
					SearchBoxTemplate_OnEditFocusLost(self)
					self.Instructions:SetShown(text == '')
				end

				self:GetParent():OnSearchTextChanged(text ~= '' and text:lower() or nil)
			</OnTextChanged>
			<OnEditFocusLost>
				self:HighlightText(0, 0)
				self.Instructions:SetShown(self:GetText() == '')
				SearchBoxTemplate_OnEditFocusLost(self)
			</OnEditFocusLost>
			<OnEditFocusGained>
				self:HighlightText()
				self.Instructions:Hide()
				SearchBoxTemplate_OnEditFocusGained(self)
			</OnEditFocusGained>
		</Scripts>
	</EditBox>

	<Button name="CombuctorDragFrameTemplate" virtual="true" text="TITLE">
		<Size x="262" y="14"/>
		<Scripts>
			<OnLoad>
				self:RegisterForDrag('LeftButton')
				self:SetPoint('TOP', self:GetParent().TitleText)
			</OnLoad>
			<OnMouseDown>
				local parent = self:GetParent()
				if not parent.profile.managed and (not Combuctor.sets.locked or IsAltKeyDown()) then
					parent:StartMoving()
				end
			</OnMouseDown>
			<OnMouseUp>
				local parent = self:GetParent()
				parent:StopMovingOrSizing()
				parent:RecomputePosition()
			</OnMouseUp>
		</Scripts>

		<NormalFont style="GameFontNormal"/>
		<HighlightFont style="GameFontHighlight"/>
	</Button>

	<Frame name="CombuctorFrameTemplate" resizable="true" clampedToScreen="true" enableMouse="true" movable="true" topLevel="true" hidden="true" inherits="ButtonFrameTemplate" virtual="true">
		<Size x="300" y="400"/>

		<HitRectInsets>
			<AbsInset left="0" right="35" top="0" bottom="75"/>
		</HitRectInsets>

		<Layers>
			<Layer level="OVERLAY">
				<Texture inherits="UI-Frame-BtnDivMiddle"> <!-- Separator -->
					<Anchors>
						<Anchor point="BOTTOMLEFT">
							<Offset x="145" y="2"/>
						</Anchor>
					</Anchors>
				</Texture>
			</Layer>

			<Layer level="ARTWORK">
				<Texture file="Interface\MerchantFrame\UI-Merchant-BotLeft"> <!-- Left -->
					<Size x="64" y="24"/>
					<Anchors>
						<Anchor point="BOTTOMLEFT" x="156" y="2"/>
					</Anchors>
					<TexCoords left="0.72" right="1" top="0.675" bottom=".754"/>
				</Texture>

				<Texture file="Interface\MerchantFrame\UI-Merchant-BotRight">
					<Size x="64" y="24"/>
					<Anchors>
						<Anchor point="BOTTOMRIGHT" x="-30" y="2"/>
						<Anchor point="BOTTOMLEFT" x="220" y="2"/>
					</Anchors>
					<TexCoords left="0" right="0.5" top="0.675" bottom=".754"/>
				</Texture>

				<Texture file="Interface\MerchantFrame\UI-Merchant-BotRight"> <!-- Right -->
					<Size x="64" y="24"/>
					<Anchors>
						<Anchor point="BOTTOMRIGHT" x="34" y="2"/>
					</Anchors>
					<TexCoords left="0.5" right="1" top="0.675" bottom=".754"/>
				</Texture>
			</Layer>
		</Layers>

		<Frames>
			<Button parentKey="titleText" name="$parentTitle" inherits="CombuctorDragFrameTemplate"/>
			<EditBox parentKey="searchBox" name="$parentSearchBox" inherits="CombuctorSearchBoxTemplate"/>
			<Button parentKey="portraitButton" name="$parentPortraitButton" inherits="CombuctorPortraitButtonTemplate"/>

			<Button name="$parentResize">
				<Size x="16" y="16"/>

				<Anchors>
					<Anchor point="BOTTOMRIGHT">
						<Offset x="-7" y="4"/>
					</Anchor>
				</Anchors>

				<Scripts>
					<OnLoad>
						self:SetFrameLevel(self:GetFrameLevel() + 4)
						self:GetNormalTexture():SetVertexColor(1, 0.82, 0, .8)
						self:GetNormalTexture():SetAlpha(.5)
					</OnLoad>
					<OnMouseDown>
						self:GetParent():StartSizing()
					</OnMouseDown>
					<OnMouseUp>
						self:GetParent():StopMovingOrSizing()
					</OnMouseUp>
				</Scripts>

				<NormalTexture file="Interface\ChatFrame\UI-ChatIM-SizeGrabber-Up" setAllPoints="true"/>
				<PushedTexture file="Interface\ChatFrame\UI-ChatIM-SizeGrabber-Down" setAllPoints="true"/>
				<HighlightTexture file="Interface\ChatFrame\UI-ChatIM-SizeGrabber-Highlight" alphaMode="ADD" setAllPoints="true"/>
			</Button>
		</Frames>
	</Frame>
</Ui>
